From,To,Weight
walk_1143317559,walk_1143317946,88.50696628450761
walk_1143317946,walk_1143316551,20.93599453900186
walk_1143316551,walk_2902711664,6.8670632025406295
walk_2902711664,walk_1262328726,19.542294137591078
walk_1262328726,walk_1143316731,28.371008875402204
walk_1143316731,walk_9597860836,10.807748473555552
walk_9597860836,walk_9597860837,49.95939598703562
walk_9597860837,walk_9597860838,70.12788677199514
walk_9597860838,walk_1261260156,52.36003617663964