From,To,Weight
bus_1AL2,bus_TRD1,3256.466596031018
bus_1AL2,bus_TRD6,2133.486609353624
bus_1AL2,bus_TRD6,2277.6026828628724
metro_1,metro_2,120
metro_2,metro_3,120
metro_2,metro_1,180
walk_4496173922,walk_4496173924,41.355266417835836
walk_4496173922,walk_4496173920,8.694415234703836
walk_4496173922,walk_4496173919,8.694415234703836